{
  "away": {
    "73": {
      "FF": 17,
      "FA": 19,
      "fenwick": -2,
      "FF_perc_on": 0.4722222222222222,
      "FF_perc_off": 0.40625,
      "FF_perc_relative": 0.06597222222222221
    },
    "62": {
      "FF": 21,
      "FA": 14,
      "fenwick": 7,
      "FF_perc_on": 0.6,
      "FF_perc_off": 0.3384615384615385,
      "FF_perc_relative": 0.2615384615384615
    },
    "9": {
      "FF": 21,
      "FA": 18,
      "fenwick": 3,
      "FF_perc_on": 0.5384615384615384,
      "FF_perc_off": 0.36065573770491804,
      "FF_perc_relative": 0.1778058007566204
    },
    "44": {
      "FF": 17,
      "FA": 16,
      "fenwick": 1,
      "FF_perc_on": 0.5151515151515151,
      "FF_perc_off": 0.3880597014925373,
      "FF_perc_relative": 0.12709181365897781
    },
    "72": {
      "FF": 16,
      "FA": 17,
      "fenwick": -1,
      "FF_perc_on": 0.48484848484848486,
      "FF_perc_off": 0.40298507462686567,
      "FF_perc_relative": 0.08186341022161919
    },
    "30": {
      "FF": 42,
      "FA": 57,
      "fenwick": -15,
      "FF_perc_on": 0.42424242424242425,
      "FF_perc_off": 1.0,
      "FF_perc_relative": -0.5757575757575757
    },
    "7": {
      "FA": 17,
      "FF": 2,
      "fenwick": -15,
      "FF_perc_on": 0.10526315789473684,
      "FF_perc_off": 0.5061728395061729,
      "FF_perc_relative": -0.40090968161143603
    },
    "40": {
      "FA": 14,
      "FF": 1,
      "fenwick": -13,
      "FF_perc_on": 0.06666666666666667,
      "FF_perc_off": 0.49411764705882355,
      "FF_perc_relative": -0.4274509803921569
    },
    "45": {
      "FA": 10,
      "FF": 1,
      "fenwick": -9,
      "FF_perc_on": 0.09090909090909091,
      "FF_perc_off": 0.47191011235955055,
      "FF_perc_relative": -0.38100102145045966
    },
    "71": {
      "FA": 10,
      "FF": 1,
      "fenwick": -9,
      "FF_perc_on": 0.09090909090909091,
      "FF_perc_off": 0.47191011235955055,
      "FF_perc_relative": -0.38100102145045966
    },
    "51": {
      "FA": 24,
      "FF": 16,
      "fenwick": -8,
      "FF_perc_on": 0.4,
      "FF_perc_off": 0.45,
      "FF_perc_relative": -0.04999999999999999
    },
    "88": {
      "FA": 27,
      "FF": 17,
      "fenwick": -10,
      "FF_perc_on": 0.38636363636363635,
      "FF_perc_off": 0.4642857142857143,
      "FF_perc_relative": -0.07792207792207795
    },
    "46": {
      "FF": 17,
      "FA": 9,
      "fenwick": 8,
      "FF_perc_on": 0.6538461538461539,
      "FF_perc_off": 0.35135135135135137,
      "FF_perc_relative": 0.3024948024948025
    },
    "68": {
      "FF": 17,
      "FA": 15,
      "fenwick": 2,
      "FF_perc_on": 0.53125,
      "FF_perc_off": 0.38235294117647056,
      "FF_perc_relative": 0.14889705882352944
    },
    "11": {
      "FF": 17,
      "FA": 12,
      "fenwick": 5,
      "FF_perc_on": 0.5862068965517241,
      "FF_perc_off": 0.36619718309859156,
      "FF_perc_relative": 0.22000971345313253
    },
    "28": {
      "FA": 10,
      "FF": 11,
      "fenwick": 1,
      "FF_perc_on": 0.5238095238095238,
      "FF_perc_off": 0.4050632911392405,
      "FF_perc_relative": 0.11874623267028334
    },
    "20": {
      "FA": 16,
      "FF": 3,
      "fenwick": -13,
      "FF_perc_on": 0.15789473684210525,
      "FF_perc_off": 0.49382716049382713,
      "FF_perc_relative": -0.3359324236517219
    },
    "21": {
      "FA": 20,
      "FF": 12,
      "fenwick": -8,
      "FF_perc_on": 0.375,
      "FF_perc_off": 0.45588235294117646,
      "FF_perc_relative": -0.08088235294117646
    },
    "19": {
      "FF": 8,
      "FA": 11,
      "fenwick": -3,
      "FF_perc_on": 0.42105263157894735,
      "FF_perc_off": 0.43209876543209874,
      "FF_perc_relative": -0.011046133853151396
    }
  },
  "home": {
    "17": {
      "FA": 15,
      "FF": 25,
      "fenwick": 10,
      "FF_perc_on": 0.625,
      "FF_perc_off": 0.5333333333333333,
      "FF_perc_relative": 0.09166666666666667
    },
    "88": {
      "FA": 16,
      "FF": 25,
      "fenwick": 9,
      "FF_perc_on": 0.6097560975609756,
      "FF_perc_off": 0.5423728813559322,
      "FF_perc_relative": 0.0673832162050434
    },
    "92": {
      "FA": 14,
      "FF": 20,
      "fenwick": 6,
      "FF_perc_on": 0.5882352941176471,
      "FF_perc_off": 0.5606060606060606,
      "FF_perc_relative": 0.027629233511586526
    },
    "2": {
      "FA": 21,
      "FF": 19,
      "fenwick": -2,
      "FF_perc_on": 0.475,
      "FF_perc_off": 0.6333333333333333,
      "FF_perc_relative": -0.15833333333333333
    },
    "5": {
      "FA": 20,
      "FF": 20,
      "fenwick": 0,
      "FF_perc_on": 0.5,
      "FF_perc_off": 0.6166666666666667,
      "FF_perc_relative": -0.1166666666666667
    },
    "50": {
      "FA": 43,
      "FF": 57,
      "fenwick": 14,
      "FF_perc_on": 0.57,
      "FF_perc_off": 0.57,
      "FF_perc_relative": 0.0
    },
    "46": {
      "FA": 14,
      "FF": 17,
      "fenwick": 3,
      "FF_perc_on": 0.5483870967741935,
      "FF_perc_off": 0.5797101449275363,
      "FF_perc_relative": -0.03132304815334275
    },
    "19": {
      "FF": 16,
      "FA": 11,
      "fenwick": 5,
      "FF_perc_on": 0.5925925925925926,
      "FF_perc_off": 0.5616438356164384,
      "FF_perc_relative": 0.03094875697615418
    },
    "12": {
      "FF": 17,
      "FA": 8,
      "fenwick": 9,
      "FF_perc_on": 0.68,
      "FF_perc_off": 0.5333333333333333,
      "FF_perc_relative": 0.14666666666666672
    },
    "20": {
      "FF": 14,
      "FA": 10,
      "fenwick": 4,
      "FF_perc_on": 0.5833333333333334,
      "FF_perc_off": 0.5657894736842105,
      "FF_perc_relative": 0.01754385964912286
    },
    "74": {
      "FF": 14,
      "FA": 16,
      "fenwick": -2,
      "FF_perc_on": 0.4666666666666667,
      "FF_perc_off": 0.6142857142857143,
      "FF_perc_relative": -0.14761904761904765
    },
    "77": {
      "FF": 13,
      "FA": 11,
      "fenwick": 2,
      "FF_perc_on": 0.5416666666666666,
      "FF_perc_off": 0.5789473684210527,
      "FF_perc_relative": -0.037280701754386025
    },
    "8": {
      "FF": 15,
      "FA": 9,
      "fenwick": 6,
      "FF_perc_on": 0.625,
      "FF_perc_off": 0.5526315789473685,
      "FF_perc_relative": 0.07236842105263153
    },
    "38": {
      "FF": 9,
      "FA": 8,
      "fenwick": 1,
      "FF_perc_on": 0.5294117647058824,
      "FF_perc_off": 0.5783132530120482,
      "FF_perc_relative": -0.04890148830616581
    },
    "6": {
      "FF": 17,
      "FA": 8,
      "fenwick": 9,
      "FF_perc_on": 0.68,
      "FF_perc_off": 0.5333333333333333,
      "FF_perc_relative": 0.14666666666666672
    },
    "68": {
      "FF": 21,
      "FA": 6,
      "fenwick": 15,
      "FF_perc_on": 0.7777777777777778,
      "FF_perc_off": 0.4931506849315068,
      "FF_perc_relative": 0.28462709284627097
    },
    "22": {
      "FF": 9,
      "FA": 4,
      "fenwick": 5,
      "FF_perc_on": 0.6923076923076923,
      "FF_perc_off": 0.5517241379310345,
      "FF_perc_relative": 0.14058355437665782
    },
    "36": {
      "FF": 7,
      "FA": 3,
      "fenwick": 4,
      "FF_perc_on": 0.7,
      "FF_perc_off": 0.5555555555555556,
      "FF_perc_relative": 0.14444444444444438
    },
    "64": {
      "FF": 7,
      "FA": 7,
      "fenwick": 0,
      "FF_perc_on": 0.5,
      "FF_perc_off": 0.5813953488372093,
      "FF_perc_relative": -0.08139534883720934
    }
  }
}
